Rank,Name,Team,ByeWeek,Age,Position,PositionRank,Week1ADP,Week2ADP,Week3ADP,HighestADP,LowestADP,AverageDraftPosition
1,Antonio Brown,PIT,8,34,WR,WR1,null,null,null,null,null,1.3
2,Todd Gurley II,LAR,8,28,RB,RB1,null,null,null,null,null,2.4
3,Julio Jones,ATL,11,34,WR,WR2,133.5,133.5,133.5,133.5,133.5,3.3
4,Odell Beckham Jr.,NYG,8,30,WR,WR3,null,null,null,null,null,4
5,David Johnson,ARI,9,31,RB,RB2,null,null,null,null,null,5.4
6,Ezekiel Elliott,DAL,7,27,RB,RB3,25,25,25,25,25,6.3
7,Adrian Peterson,MIN,6,37,RB,RB4,null,null,null,null,null,6.6
8,Lamar Miller,HOU,9,31,RB,RB5,null,null,null,null,null,8.2
9,A.J. Green,CIN,9,34,WR,WR4,198,198,198,198,198,8.9
10,DeAndre Hopkins,HOU,9,30,WR,WR5,45.6,45.6,45.6,45.6,45.6,9.1
11,Le'Veon Bell,PIT,8,31,RB,RB6,null,null,null,null,null,10.1
12,Allen Robinson II,JAX,5,29,WR,WR6,61.9,61.9,61.9,61.9,61.9,11.9
13,Rob Gronkowski,NE,9,33,TE,TE1,null,null,null,null,null,13.9
14,Dez Bryant,DAL,7,34,WR,WR7,null,null,null,null,null,14
15,Mike Evans,TB,6,29,WR,WR8,22.5,22.5,22.5,22.5,22.5,15.2
16,Eddie Lacy,GB,4,32,RB,RB7,null,null,null,null,null,15.3
17,Jamaal Charles,KC,5,36,RB,RB8,null,null,null,null,null,16.5
18,Devonta Freeman,ATL,11,30,RB,RB9,null,null,null,null,null,17.6
19,Brandon Marshall,NYJ,11,38,WR,WR9,null,null,null,null,null,17.7
20,Jordy Nelson,GB,4,37,WR,WR10,null,null,null,null,null,19.3
21,LeSean McCoy,BUF,10,34,RB,RB10,null,null,null,null,null,19.7
22,Keenan Allen,LAC,11,30,WR,WR11,29.7,29.7,29.7,29.7,29.7,21.1
23,Amari Cooper,LV,10,28,WR,WR12,70.5,70.5,70.5,70.5,70.5,22.5
24,Mark Ingram II,NO,5,33,RB,RB11,118.6,118.6,118.6,118.6,118.6,22.9
25,Doug Martin,TB,6,34,RB,RB12,null,null,null,null,null,24.1
26,Alshon Jeffery,CHI,9,33,WR,WR13,null,null,null,null,null,26.3
27,Brandin Cooks,NO,5,29,WR,WR14,71.6,71.6,71.6,71.6,71.6,27.3
28,Cam Newton,CAR,7,33,QB,QB1,null,null,null,null,null,27.7
29,CJ Anderson,DEN,11,32,RB,RB13,null,null,null,null,null,28.6
30,Sammy Watkins,BUF,10,29,WR,WR15,203,203,203,203,203,29
31,Latavius Murray,LV,10,33,RB,RB14,null,null,null,null,null,30.7
32,T.Y. Hilton,IND,10,33,WR,WR16,null,null,null,null,null,31.5
33,Aaron Rodgers,GB,4,39,QB,QB2,64.5,64.5,64.5,64.5,64.5,32.3
34,Demaryius Thomas,DEN,11,35,WR,WR17,null,null,null,null,null,32.4
35,Thomas Rawls,SEA,5,29,RB,RB15,null,null,null,null,null,32.6
36,Randall Cobb,GB,4,32,WR,WR18,196,196,196,196,196,33.7
37,Jeremy Hill,CIN,9,30,RB,RB16,null,null,null,null,null,36.5
37,DeMarco Murray,TEN,13,35,RB,RB17,null,null,null,null,null,36.5
39,Kelvin Benjamin,CAR,7,32,WR,WR19,null,null,null,null,null,38.1
40,Jarvis Landry,MIA,8,30,WR,WR20,127.1,127.1,127.1,127.1,127.1,39.9
41,Carlos Hyde,SF,8,32,RB,RB18,null,null,null,null,null,40
41,Jordan Reed,WAS,9,32,TE,TE2,null,null,null,null,null,40
43,Donte Moncrief,IND,10,29,WR,WR21,null,null,null,null,null,41.7
44,Matt Forte,NYJ,11,37,RB,RB19,null,null,null,null,null,42.4
45,Jeremy Langford,CHI,9,31,RB,RB20,null,null,null,null,null,43.8
46,Jeremy Maclin,KC,5,34,WR,WR22,null,null,null,null,null,44.9
47,Melvin Gordon III,LAC,11,29,RB,RB21,75.3,75.3,75.3,75.3,75.3,45.2
48,Jonathan Stewart,CAR,7,35,RB,RB22,null,null,null,null,null,46.9
49,Russell Wilson,SEA,5,34,QB,QB3,71.6,71.6,71.6,71.6,71.6,47.4
50,Eric Decker,NYJ,11,35,WR,WR23,null,null,null,null,null,47.9
51,Julian Edelman,NE,9,36,WR,WR24,null,null,null,null,null,50.3
52,Greg Olsen,CAR,7,38,TE,TE3,null,null,null,null,null,51.3
53,Josh Gordon,CLE,13,31,WR,WR25,398,398,398,398,398,51.5
54,Doug Baldwin,SEA,5,34,WR,WR26,null,null,null,null,null,51.9
55,Arian Foster,MIA,8,36,RB,RB23,null,null,null,null,null,52.9
56,Andrew Luck,IND,10,33,QB,QB4,null,null,null,null,null,54.8
57,Michael Floyd,ARI,9,33,WR,WR27,null,null,null,null,null,55.2
58,Ryan Mathews,PHI,4,35,RB,RB24,null,null,null,null,null,55.3
59,Drew Brees,NO,5,44,QB,QB5,null,null,null,null,null,57.2
60,Golden Tate,DET,10,34,WR,WR28,null,null,null,null,null,60
61,Matt Jones,WAS,9,27,RB,RB25,null,null,null,null,null,60.9
62,Marvin Jones Jr.,DET,10,33,WR,WR29,170,170,170,170,170,61.3
63,Travis Kelce,KC,5,33,TE,TE4,16.1,16.1,16.1,16.1,16.1,61.4
64,DeAngelo Williams,PIT,8,39,RB,RB26,null,null,null,null,null,61.8
65,Frank Gore,IND,10,39,RB,RB27,null,null,null,null,null,62.6
66,Ben Roethlisberger,PIT,8,41,QB,QB6,null,null,null,null,null,64.4
67,Rashad Jennings,NYG,8,37,RB,RB28,null,null,null,null,null,65.4
68,Allen Hurns,JAX,5,31,WR,WR30,null,null,null,null,null,65.8
69,Tom Brady,NE,9,45,QB,QB7,83.2,83.2,83.2,83.2,83.2,66
70,Giovani Bernard,CIN,9,31,RB,RB29,289,289,289,289,289,67.7
71,Delanie Walker,TEN,13,38,TE,TE5,null,null,null,null,null,68.9
72,Chris Ivory,JAX,5,34,RB,RB30,null,null,null,null,null,69.6
73,Derrick Henry,TEN,13,29,RB,RB31,2.3,2.3,2.3,2.3,2.3,70.5
74,Larry Fitzgerald,ARI,9,39,WR,WR31,null,null,null,null,null,71.6
75,Coby Fleener,NO,5,34,TE,TE6,null,null,null,null,null,72.7
76,Tyler Lockett,SEA,5,30,WR,WR32,102.9,102.9,102.9,102.9,102.9,73.9
77,Emmanuel Sanders,DEN,11,35,WR,WR33,null,null,null,null,null,76.1
78,Ameer Abdullah,DET,10,29,RB,RB32,233,233,233,233,233,77.3
79,Carson Palmer,ARI,9,43,QB,QB8,null,null,null,null,null,77.4
80,John Brown,ARI,9,32,WR,WR34,685,685,685,685,685,78.3
81,Duke Johnson,CLE,13,29,RB,RB33,277,277,277,277,277,80.5
82,Jordan Matthews,PHI,4,30,TE,TE7,null,null,null,null,null,80.6
83,Gary Barnidge,CLE,13,37,TE,TE8,null,null,null,null,null,81.3
84,Blake Bortles,JAX,5,30,QB,QB9,625,625,625,625,625,81.6
85,LeGarrette Blount,NE,9,36,RB,RB34,null,null,null,null,null,82
86,DeSean Jackson,WAS,9,36,WR,WR35,null,null,null,null,null,83.2
87,Danny Woodhead,LAC,11,38,RB,RB35,null,null,null,null,null,86
88,Justin Forsett,BAL,8,37,RB,RB36,null,null,null,null,null,86.5
89,Sterling Shepard,NYG,8,30,WR,WR36,186,186,186,186,186,87
90,Isaiah Crowell,CLE,13,30,RB,RB37,null,null,null,null,null,88.7
91,Eli Manning,NYG,8,42,QB,QB10,null,null,null,null,null,90.3
92,T.J. Yeldon,JAX,5,29,RB,RB38,null,null,null,null,null,90.4
93,Michael Crabtree,LV,10,35,WR,WR37,null,null,null,null,null,90.6
94,Julius Thomas,JAX,5,34,TE,TE9,null,null,null,null,null,91.1
95,Tyler Eifert,CIN,9,32,TE,TE10,null,null,null,null,null,91.3
96,Christine Michael,SEA,5,32,RB,RB39,null,null,null,null,null,91.6
97,Denver Broncos,DEN,11,null,DST,DST1,152.7,152.7,152.7,152.7,152.7,94.2
98,Philip Rivers,LAC,11,41,QB,QB11,null,null,null,null,null,95.4
99,DeVante Parker,MIA,8,30,WR,WR38,137.2,137.2,137.2,137.2,137.2,97.8
100,Devin Funchess,CAR,7,28,TE,TE11,1850,1850,1850,1850,1850,98.4
101,Jay Ajayi,MIA,8,29,RB,RB40,null,null,null,null,null,99.3
102,Charles Sims,TB,6,32,RB,RB41,null,null,null,null,null,99.8
103,Stefon Diggs,MIN,6,29,WR,WR39,12,12,12,12,12,100.5
104,Derek Carr,LV,10,31,QB,QB12,100.2,100.2,100.2,100.2,100.2,101.4
105,Kevin White,CHI,9,29,WR,WR40,716,716,716,716,716,101.9
106,Antonio Gates,LAC,11,42,TE,TE12,null,null,null,null,null,102.5
107,Arizona Cardinals,ARI,9,null,DST,DST2,144.6,144.6,144.6,144.6,144.6,103.5
108,Alfred Morris,DAL,7,34,RB,RB42,null,null,null,null,null,103.8
109,Seattle Seahawks,SEA,5,null,DST,DST3,108.5,108.5,108.5,108.5,108.5,105.5
110,Tevin Coleman,ATL,11,29,RB,RB43,650,650,650,650,650,106.6
111,Travis Benjamin,LAC,11,33,WR,WR41,null,null,null,null,null,107.4
112,Tyrod Taylor,BUF,10,33,QB,QB13,414,414,414,414,414,107.7
113,Kirk Cousins,WAS,9,34,QB,QB14,105.3,105.3,105.3,105.3,105.3,110.4
114,Willie Snead IV,NO,5,30,WR,WR42,686,686,686,686,686,110.8
115,Bilal Powell,NYJ,11,34,RB,RB44,null,null,null,null,null,111.4
116,Zach Ertz,PHI,4,32,TE,TE13,97.4,97.4,97.4,97.4,97.4,112.8
117,Spencer Ware,KC,5,31,RB,RB45,null,null,null,null,null,113.2
118,Corey Coleman,CLE,13,28,WR,WR43,776,776,776,776,776,113.8
119,Carolina Panthers,CAR,7,null,DST,DST4,142.6,142.6,142.6,142.6,142.6,113.9
120,James White,NE,9,31,RB,RB46,651,651,651,651,651,114.3
121,Torrey Smith,SF,8,34,WR,WR44,null,null,null,null,null,117
122,Jameis Winston,TB,6,29,QB,QB15,138.2,138.2,138.2,138.2,138.2,117.1
123,Tavon Austin,LAR,8,32,WR,WR45,844,844,844,844,844,118.4
124,DeAndre Washington,LV,10,30,RB,RB47,null,null,null,null,null,118.7
125,Markus Wheaton,PIT,8,32,WR,WR46,null,null,null,null,null,118.8
126,Houston Texans,HOU,9,null,DST,DST5,186,186,186,186,186,120.9
126,Kamar Aiken,BAL,8,33,WR,WR47,null,null,null,null,null,120.9
128,Michael Thomas,NO,5,30,WR,WR48,54.1,54.1,54.1,54.1,54.1,123.5
129,Matthew Stafford,DET,10,35,QB,QB16,78.4,78.4,78.4,78.4,78.4,123.6
130,Jimmy Graham,SEA,5,36,TE,TE14,null,null,null,null,null,124
131,Kansas City Chiefs,KC,5,null,DST,DST6,155.1,155.1,155.1,155.1,155.1,124.4
132,Vincent Jackson,TB,6,40,WR,WR49,null,null,null,null,null,124.7
133,Devontae Booker,DEN,11,30,RB,RB48,null,null,null,null,null,127.4
134,Martellus Bennett,NE,9,36,TE,TE15,null,null,null,null,null,127.8
135,Andy Dalton,CIN,9,35,QB,QB17,421,421,421,421,421,128.8
136,Tajae Sharpe,TEN,13,28,WR,WR50,null,null,null,null,null,129
137,Mohamed Sanu,ATL,11,33,WR,WR51,1940,1940,1940,1940,1940,129.5
138,Marcus Mariota,TEN,13,29,QB,QB18,212,212,212,212,212,130
139,Steve Smith,BAL,8,43,WR,WR52,null,null,null,null,null,132.6
140,New England Patriots,NE,9,null,DST,DST7,154.7,154.7,154.7,154.7,154.7,132.7
141,Dion Lewis,NE,9,32,RB,RB49,null,null,null,null,null,136.3
142,Darren Sproles,PHI,4,39,RB,RB50,null,null,null,null,null,136.5
142,William Fuller V,HOU,9,28,WR,WR53,null,null,null,null,null,136.5
144,Dwayne Allen,IND,10,33,TE,TE16,null,null,null,null,null,137.6
145,Dak Prescott,DAL,7,29,QB,QB19,81,81,81,81,81,137.7
146,Stephen Gostkowski,NE,9,39,K,K1,null,null,null,null,null,137.9
147,Jared Cook,GB,4,35,TE,TE17,null,null,null,null,null,141.4
148,Chris Hogan,NE,9,35,WR,WR54,null,null,null,null,null,142.5
149,Chris Johnson,ARI,9,37,RB,RB51,null,null,null,null,null,146
150,Jerick McKinnon,MIN,6,30,RB,RB52,164.5,164.5,164.5,164.5,164.5,146.7
151,Theo Riddick,DET,10,31,RB,RB53,null,null,null,null,null,149.7
152,Cincinnati Bengals,CIN,9,null,DST,DST8,155.5,155.5,155.5,155.5,155.5,150.1
153,Ryan Tannehill,MIA,8,34,QB,QB20,185,185,185,185,185,150.2
154,Terrance West,BAL,8,32,RB,RB54,null,null,null,null,null,151.1
155,Stephen Hauschka,SEA,5,37,K,K2,null,null,null,null,null,152.1
156,James Starks,GB,4,37,RB,RB55,null,null,null,null,null,152.6
157,Ryan Fitzpatrick,NYJ,11,40,QB,QB21,null,null,null,null,null,153.5
158,Rishard Matthews,TEN,13,33,WR,WR55,null,null,null,null,null,153.9
159,Mike Wallace,BAL,8,36,WR,WR56,null,null,null,null,null,154.5
160,New York Jets,NYJ,11,null,DST,DST9,147.2,147.2,147.2,147.2,147.2,154.8
161,Robert Griffin III,CLE,13,33,QB,QB22,null,null,null,null,null,155.5
162,Jason Witten,DAL,7,40,TE,TE18,null,null,null,null,null,155.6
162,Tyler Boyd,CIN,9,28,WR,WR57,162.9,162.9,162.9,162.9,162.9,155.6
164,Zach Miller,CHI,9,38,TE,TE19,null,null,null,null,null,157.5
165,Justin Tucker,BAL,8,33,K,K3,135.3,135.3,135.3,135.3,135.3,157.9
166,Minnesota Vikings,MIN,6,null,DST,DST10,157.7,157.7,157.7,157.7,157.7,158.5
167,Las Vegas Raiders,LV,10,null,DST,DST11,143.6,143.6,143.6,143.6,143.6,161.4
168,Phillip Dorsett,IND,10,30,WR,WR58,232,232,232,232,232,164
169,Terrance Williams,DAL,7,33,WR,WR59,null,null,null,null,null,165
170,Shane Vereen,NYG,8,33,RB,RB56,null,null,null,null,null,166
171,Chandler Catanzaro,ARI,9,32,K,K4,null,null,null,null,null,166.6
172,Pierre Garcon,WAS,9,36,WR,WR60,null,null,null,null,null,168
173,Kenny Britt,LAR,8,34,WR,WR61,null,null,null,null,null,170
174,Jermaine Kearse,SEA,5,33,WR,WR62,null,null,null,null,null,173
175,Robert Woods,BUF,10,30,WR,WR63,109.8,109.8,109.8,109.8,109.8,175
176,Laquon Treadwell,MIN,6,27,WR,WR64,244,244,244,244,244,176
177,Davante Adams,GB,4,30,WR,WR65,13,13,13,13,13,179
178,Kenny Stills,MIA,8,30,WR,WR66,null,null,null,null,null,180
179,Alex Smith,KC,5,38,QB,QB23,null,null,null,null,null,182
180,Matt Ryan,ATL,11,37,QB,QB24,129.8,129.8,129.8,129.8,129.8,183
181,Joe Flacco,BAL,8,38,QB,QB25,403,403,403,403,403,184
182,Ted Ginn Jr.,CAR,7,37,WR,WR67,null,null,null,null,null,185
183,Jay Cutler,CHI,9,39,QB,QB26,null,null,null,null,null,186
184,Dorial Green-Beckham,PHI,4,29,WR,WR68,null,null,null,null,null,187
185,Sammie Coates,PIT,8,29,WR,WR69,null,null,null,null,null,188
186,Breshad Perriman,BAL,8,29,WR,WR70,312,312,312,312,312,189
187,Anquan Boldin,DET,10,42,WR,WR71,null,null,null,null,null,190
188,Brock Osweiler,HOU,9,32,QB,QB27,null,null,null,null,null,191
189,Chris Thompson,WAS,9,32,RB,RB57,null,null,null,null,null,192
190,Kendall Wright,TEN,13,33,WR,WR72,null,null,null,null,null,193
191,Chris Conley,KC,5,30,WR,WR73,234,234,234,234,234,194
192,Shaun Draughn,SF,8,35,RB,RB58,null,null,null,null,null,195
193,Terrelle Pryor,CLE,13,33,WR,WR74,null,null,null,null,null,196
194,Brandon LaFell,CIN,9,36,WR,WR75,null,null,null,null,null,197
195,Karlos Williams,BUF,10,29,RB,RB59,null,null,null,null,null,199
196,Nelson Agholor,PHI,4,29,WR,WR76,213,213,213,213,213,200
197,Tim Hightower,NO,5,36,RB,RB60,null,null,null,null,null,201
198,Jordan Howard,CHI,9,28,RB,RB61,null,null,null,null,null,202
199,C.J. Prosise,SEA,5,28,RB,RB62,null,null,null,null,null,203
200,Charles Johnson,MIN,6,34,WR,WR77,null,null,null,null,null,204
201,Javorius Allen,BAL,8,31,RB,RB63,null,null,null,null,null,205
202,Cameron Artis-Payne,CAR,7,30,RB,RB64,null,null,null,null,null,206
203,Cole Beasley,DAL,7,33,WR,WR78,null,null,null,null,null,207
204,Seth Roberts,LV,10,32,WR,WR79,null,null,null,null,null,208
205,Quinton Patton,SF,8,32,WR,WR80,null,null,null,null,null,209
206,Josh Doctson,WAS,9,30,WR,WR81,null,null,null,null,null,210
207,Victor Cruz,NYG,8,36,WR,WR82,null,null,null,null,null,211
208,Eli Rogers,PIT,8,30,WR,WR83,null,null,null,null,null,212
209,Andre Ellington,ARI,9,34,RB,RB65,null,null,null,null,null,213
210,Jamison Crowder,WAS,9,29,WR,WR84,210,210,210,210,210,214
211,Sam Bradford,MIN,6,35,QB,QB28,null,null,null,null,null,215
212,Darren McFadden,DAL,7,35,RB,RB66,null,null,null,null,null,216
213,Jaelen Strong,HOU,9,30,WR,WR85,null,null,null,null,null,217
214,Benjamin Cunningham,LAR,8,32,RB,RB67,null,null,null,null,null,218
215,CJ Spiller,NO,5,35,RB,RB68,null,null,null,null,null,219
216,Kenneth Dixon,BAL,8,29,RB,RB69,null,null,null,null,null,220
217,Eddie Royal,CHI,9,36,WR,WR86,null,null,null,null,null,221
218,Blaine Gabbert,SF,8,33,QB,QB29,465,465,465,465,465,222
219,Justin Hardy,ATL,11,31,WR,WR87,null,null,null,null,null,223
220,Ka'Deem Carey,CHI,9,30,RB,RB70,null,null,null,null,null,224
221,Marqise Lee,JAX,5,31,WR,WR88,null,null,null,null,null,225
222,Alfred Blue,HOU,9,31,RB,RB71,null,null,null,null,null,226
223,Braxton Miller,HOU,9,30,WR,WR89,null,null,null,null,null,227
224,Ronnie Hillman,DEN,11,31,RB,RB72,null,null,null,null,null,228
225,Malcolm Mitchell,NE,9,30,WR,WR90,null,null,null,null,null,229
226,Mike Gillislee,BUF,10,32,RB,RB73,null,null,null,null,null,230
227,Albert Wilson,KC,5,30,WR,WR91,843,843,843,843,843,231
228,Jarius Wright,MIN,6,33,WR,WR92,null,null,null,null,null,232
229,Steve Johnson,LAC,11,36,WR,WR93,null,null,null,null,null,233
230,Paul Perkins,NYG,8,28,RB,RB74,null,null,null,null,null,234
231,Charcandrick West,KC,5,31,RB,RB75,null,null,null,null,null,235
232,Danny Amendola,NE,9,37,WR,WR94,null,null,null,null,null,236
233,Robert Turbin,IND,10,33,RB,RB76,null,null,null,null,null,237
234,J.J. Nelson,ARI,9,30,WR,WR95,null,null,null,null,null,238
235,Pharoh Cooper,LAR,8,28,WR,WR96,702,702,702,702,702,239
236,Reggie Bush,BUF,10,38,RB,RB77,null,null,null,null,null,240
237,Brandon Coleman,NO,5,30,WR,WR97,null,null,null,null,null,241
238,Khiry Robinson,NYJ,11,33,RB,RB78,null,null,null,null,null,242
239,James Jones,LAC,11,38,WR,WR98,null,null,null,null,null,243
240,Dan Herron,BUF,10,33,RB,RB79,null,null,null,null,null,244
241,Dexter McCluster,TEN,13,34,RB,RB80,null,null,null,null,null,245
242,Tre Mason,LAR,8,29,RB,RB81,null,null,null,null,null,246
243,Josh Ferguson,IND,10,29,RB,RB82,null,null,null,null,null,247
244,Jeff Janis,GB,4,31,WR,WR99,null,null,null,null,null,248
245,Mike Tolbert,CAR,7,37,FB,RB83,null,null,null,null,null,249
246,Tyrell Williams,LAC,11,31,WR,WR100,null,null,null,null,null,250
247,Zach Zenner,DET,10,31,RB,RB84,null,null,null,null,null,251
248,Corey Brown,CAR,7,31,WR,WR101,null,null,null,null,null,252
249,Brian Quick,LAR,8,33,WR,WR102,null,null,null,null,null,253
250,Quincy Enunwa,NYJ,11,30,WR,WR103,null,null,null,null,null,254
251,Keith Marshall,WAS,9,29,RB,RB85,null,null,null,null,null,255
252,Andrew Hawkins,CLE,13,37,WR,WR104,null,null,null,null,null,256
253,Rashad Greene,JAX,5,30,WR,WR105,null,null,null,null,null,257
254,Carson Wentz,PHI,4,30,QB,QB30,195,195,195,195,195,258
255,Leonte Carroo,MIA,8,29,WR,WR106,null,null,null,null,null,260
256,Ty Montgomery,GB,4,30,WR,WR107,294,294,294,294,294,261
257,De'Anthony Thomas,KC,5,30,WR,WR108,null,null,null,null,null,262
258,Andre Johnson,TEN,13,41,WR,WR109,null,null,null,null,null,263
259,Leonard Hankerson,BUF,10,34,WR,WR110,null,null,null,null,null,264
260,Jacquizz Rodgers,CHI,9,33,RB,RB86,null,null,null,null,null,265
261,Tyler Ervin,HOU,9,29,RB,RB87,null,null,null,null,null,266
262,Tony Romo,DAL,7,42,QB,QB31,null,null,null,null,null,267
263,Dontrelle Inman,LAC,11,34,WR,WR111,null,null,null,null,null,268
264,Wendell Smallwood,PHI,4,29,RB,RB88,null,null,null,null,null,269
265,Bishop Sankey,NE,9,30,RB,RB89,null,null,null,null,null,270
266,Bennie Fowler,DEN,11,31,WR,WR112,null,null,null,null,null,271
267,Silas Redd,WAS,9,31,RB,RB90,null,null,null,null,null,272
268,Roy Helu,LV,10,34,RB,RB91,null,null,null,null,null,273
269,Paul Richardson,SEA,5,30,WR,WR113,null,null,null,null,null,274
270,Kenyan Drake,MIA,8,29,RB,RB92,220,220,220,220,220,275
271,Dwayne Harris,NYG,8,35,WR,WR114,null,null,null,null,null,276
272,Branden Oliver,LAC,11,31,RB,RB93,null,null,null,null,null,277
273,Cody Latimer,DEN,11,30,WR,WR115,null,null,null,null,null,278
274,Marquess Wilson,CHI,9,30,WR,WR116,null,null,null,null,null,279
275,Paxton Lynch,DEN,11,29,QB,QB32,null,null,null,null,null,280
276,Darren Waller,BAL,8,30,TE,TE20,47.9,47.9,47.9,47.9,47.9,281
277,Darrius Heyward-Bey,PIT,8,36,WR,WR117,null,null,null,null,null,282
278,Adam Humphries,TB,6,29,WR,WR118,null,null,null,null,null,283
279,Kenjon Barner,PHI,4,33,RB,RB94,null,null,null,null,null,284
280,Dezmin Lewis,BUF,10,28,WR,WR119,null,null,null,null,null,285
281,Marcel Reece,LV,10,37,FB,RB95,null,null,null,null,null,286
282,Nate Washington,NE,9,39,WR,WR120,null,null,null,null,null,287
283,Andre Holmes,LV,10,34,WR,WR121,null,null,null,null,null,288
284,Jared Goff,LAR,8,28,QB,QB33,197,197,197,197,197,289
285,Marquise Goodwin,BUF,10,32,WR,WR122,305,305,305,305,305,290
286,Trevor Siemian,DEN,11,31,QB,QB34,486,486,486,486,486,291
287,Andre Roberts,DET,10,35,WR,WR123,459,459,459,459,459,292
288,Jeremy Kerley,SF,8,34,WR,WR124,null,null,null,null,null,293
289,Matt Asiata,MIN,6,35,RB,RB96,null,null,null,null,null,294
290,Brice Butler,DAL,7,33,WR,WR125,null,null,null,null,null,295
291,TJ Jones,DET,10,30,WR,WR126,null,null,null,null,null,296
292,Justin Hunter,MIA,8,31,WR,WR127,null,null,null,null,null,297
293,Jerome Simpson,SF,8,37,WR,WR128,null,null,null,null,null,298
294,Josh Huff,PHI,4,31,WR,WR129,null,null,null,null,null,299
295,Jordan Todman,IND,10,33,RB,RB97,null,null,null,null,null,300
296,Andre Williams,LAC,11,30,RB,RB98,null,null,null,null,null,301
297,Lance Dunbar,DAL,7,33,RB,RB99,null,null,null,null,null,302
298,Jordan Norwood,DEN,11,36,WR,WR130,null,null,null,null,null,303
299,Case Keenum,LAR,8,35,QB,QB35,457,457,457,457,457,304
300,Harry Douglas,TEN,13,37,WR,WR131,null,null,null,null,null,305
301,Fozzy Whittaker,CAR,7,34,RB,RB100,null,null,null,null,null,306
302,Colin Kaepernick,SF,8,35,QB,QB36,null,null,null,null,null,307
303,Taylor Gabriel,ATL,11,32,WR,WR132,null,null,null,null,null,308
304,Antonio Andrews,TEN,13,31,RB,RB101,null,null,null,null,null,309
305,Eric Ebron,DET,10,29,TE,TE21,null,null,null,null,null,310
306,Quan Bray,IND,10,29,WR,WR133,null,null,null,null,null,311
307,Rashard Higgins,CLE,13,28,WR,WR134,242,242,242,242,242,312
308,Tyler Gaffney,NE,9,31,RB,RB102,null,null,null,null,null,313
309,Charles Clay,BUF,10,34,TE,TE22,null,null,null,null,null,314
310,Rod Streater,SF,8,35,WR,WR135,null,null,null,null,null,315
311,Jamize Olawale,LV,10,33,FB,RB103,null,null,null,null,null,316
312,Zach Line,MIN,6,32,FB,RB104,null,null,null,null,null,318
313,Taiwan Jones,LV,10,34,RB,RB105,679,679,679,679,679,319
314,Ryan Grant,WAS,9,32,WR,WR136,null,null,null,null,null,320
315,DeAndrew White,SF,8,31,WR,WR137,null,null,null,null,null,321
316,Clive Walford,LV,10,31,TE,TE23,null,null,null,null,null,322
317,Kenbrell Thompkins,NYJ,11,34,WR,WR138,null,null,null,null,null,323
318,Devin Smith,NYJ,11,31,WR,WR139,null,null,null,null,null,324
319,Cecil Shorts,TB,6,35,WR,WR140,null,null,null,null,null,325
320,Jaron Brown,ARI,9,33,WR,WR141,null,null,null,null,null,326
321,Kyle Juszczyk,BAL,8,31,FB,RB106,267,267,267,267,267,327
322,Michael Campanaro,BAL,8,32,WR,WR142,null,null,null,null,null,328
323,Lorenzo Taliaferro,BAL,8,31,RB,RB107,null,null,null,null,null,329
324,Terron Ward,ATL,11,31,RB,RB108,null,null,null,null,null,330
325,Aaron Dobson,NE,9,31,WR,WR143,null,null,null,null,null,331
326,Austin Seferian-Jenkins,TB,6,30,TE,TE24,null,null,null,null,null,332
327,Cordarrelle Patterson,MIN,6,31,RB,RB109,83.9,83.9,83.9,83.9,83.9,333
328,Stevan Ridley,IND,10,34,RB,RB110,null,null,null,null,null,334
329,Virgil Green,DEN,11,34,TE,TE25,null,null,null,null,null,335
330,Fitzgerald Toussaint,PIT,8,32,RB,RB111,null,null,null,null,null,336
331,Stepfan Taylor,ARI,9,31,RB,RB112,null,null,null,null,null,337
332,Brandon Bolden,NE,9,33,RB,RB113,255,255,255,255,255,338
333,Kyle Rudolph,MIN,6,33,TE,TE26,147.9,147.9,147.9,147.9,147.9,339
334,Jalston Fowler,TEN,13,28,RB,RB114,null,null,null,null,null,340
335,Jimmy Garoppolo,NE,9,31,QB,QB37,391,391,391,391,391,341
336,Jacob Tamme,ATL,11,37,TE,TE27,null,null,null,null,null,342
337,Richard Rodgers,GB,4,31,TE,TE28,726,726,726,726,726,343
338,Denard Robinson,JAX,5,32,RB,RB115,null,null,null,null,null,344
339,Mack Brown,WAS,9,31,RB,RB116,null,null,null,null,null,345
340,Chris Moore,BAL,8,29,WR,WR144,250,250,250,250,250,346
341,Jeremy Butler,TB,6,31,WR,WR145,null,null,null,null,null,347
342,Josh Bellamy,CHI,9,33,WR,WR146,null,null,null,null,null,348
343,Bobby Rainey,NYG,8,35,RB,RB117,null,null,null,null,null,349
344,James Develin,NE,9,34,FB,RB118,null,null,null,null,null,350
345,Louis Murphy,TB,6,35,WR,WR147,null,null,null,null,null,351
346,Cameron Brate,TB,6,31,TE,TE29,359,359,359,359,359,352
347,Patrick DiMarco,ATL,11,33,FB,RB119,null,null,null,null,null,353
348,Jared Abbrederis,GB,4,32,WR,WR148,null,null,null,null,null,354
349,Crockett Gillmore,BAL,8,31,TE,TE30,null,null,null,null,null,355
350,Kerwynn Williams,ARI,9,31,RB,RB120,null,null,null,null,null,356
351,Shaun Hill,MIN,6,43,QB,QB38,null,null,null,null,null,357
352,Jonathan Williams,BUF,10,29,RB,RB121,325,325,325,325,325,358
353,Bruce Miller,SF,8,35,FB,RB122,null,null,null,null,null,359
354,Jack Doyle,IND,10,32,TE,TE31,null,null,null,null,null,360
355,Jordan Cameron,MIA,8,34,TE,TE32,null,null,null,null,null,361
356,Greg Salas,BUF,10,34,WR,WR149,null,null,null,null,null,362
357,Garrett Celek,SF,8,34,TE,TE33,null,null,null,null,null,363
358,Vance McDonald,SF,8,32,TE,TE34,null,null,null,null,null,364
359,Luke Willson,SEA,5,33,TE,TE35,null,null,null,null,null,365
360,Keenan Reynolds,BAL,8,28,WR,WR150,null,null,null,null,null,366
361,Tyreek Hill,KC,5,29,WR,WR151,23,23,23,23,23,367
362,Devin Fuller,ATL,11,29,WR,WR152,null,null,null,null,null,368
363,Orleans Darkwa,NYG,8,31,RB,RB123,null,null,null,null,null,369
364,Jesse James,PIT,8,28,TE,TE36,null,null,null,null,null,370
365,Bruce Ellington,SF,8,31,WR,WR153,null,null,null,null,null,371
366,Josh McCown,CLE,13,43,QB,QB39,null,null,null,null,null,372
367,Kendall Gaskins,SF,8,32,FB,RB124,null,null,null,null,null,373
368,Brandon Tate,BUF,10,35,WR,WR154,null,null,null,null,null,374
369,Mike Thomas,LAR,8,28,WR,WR155,374,374,374,374,374,375
370,Josh Hill,NO,5,32,TE,TE37,null,null,null,null,null,376
371,Bryan Walters,JAX,5,35,WR,WR156,null,null,null,null,null,377
372,Lance Kendricks,LAR,8,35,TE,TE38,null,null,null,null,null,378
373,Ladarius Green,PIT,8,32,TE,TE39,null,null,null,null,null,379
374,Jonathan Grimes,HOU,9,33,RB,RB125,null,null,null,null,null,380
375,Travaris Cadet,NO,5,34,RB,RB126,null,null,null,null,null,381
376,Darren Fells,ARI,9,36,TE,TE40,722,722,722,722,722,382
377,Dwayne Washington,DET,10,28,RB,RB127,337,337,337,337,337,383
378,Michael Burton,DET,10,31,FB,RB128,417,417,417,417,417,384
379,Tyler Higbee,LAR,8,30,TE,TE41,153.6,153.6,153.6,153.6,153.6,385
380,Russell Shepard,TB,6,32,WR,WR157,null,null,null,null,null,386
381,Mychal Rivera,LV,10,32,TE,TE42,null,null,null,null,null,387
382,Rashad Ross,WAS,9,33,WR,WR158,null,null,null,null,null,388
383,Chris Matthews,BAL,8,33,WR,WR159,null,null,null,null,null,389
384,Malcolm Brown,LAR,8,29,RB,RB129,1932,1932,1932,1932,1932,390
385,Knile Davis,KC,5,31,RB,RB130,null,null,null,null,null,391
386,Mike Davis,SF,8,30,RB,RB131,230,230,230,230,230,392
387,Jeff Heuerman,DEN,11,30,TE,TE43,null,null,null,null,null,393
388,Larry Donnell,NYG,8,34,TE,TE44,null,null,null,null,null,394
389,Aldrick Robinson,ATL,11,34,WR,WR160,null,null,null,null,null,395
390,Jonas Gray,JAX,5,32,RB,RB132,null,null,null,null,null,396
391,Jeremy Ross,NYJ,11,34,WR,WR161,null,null,null,null,null,397
392,Will Tye,NYG,8,31,TE,TE45,null,null,null,null,null,398
393,DuJuan Harris,SF,8,34,RB,RB133,null,null,null,null,null,399
394,Danny Vitale,TB,6,29,FB,RB134,null,null,null,null,null,400
395,Craig Stevens,TEN,13,38,TE,TE46,null,null,null,null,null,401
396,Kenny Lawler,SEA,5,28,WR,WR162,null,null,null,null,null,402
397,Ryan Griffin,HOU,9,33,TE,TE47,439,439,439,439,439,403
398,Malcolm Johnson,CLE,13,30,FB,RB135,null,null,null,null,null,404
399,Ryan Hewitt,CIN,9,32,TE,TE48,null,null,null,null,null,405
400,Jakeem Grant Sr.,MIA,8,30,WR,WR163,null,null,null,null,null,406
401,Jim Dray,BUF,10,36,TE,TE49,null,null,null,null,null,407
402,Brian Hoyer,CHI,9,37,QB,QB40,488,488,488,488,488,408
403,Jermaine Gresham,ARI,9,34,TE,TE50,null,null,null,null,null,409
404,MyCole Pruitt,MIN,6,30,TE,TE51,543,543,543,543,543,410
405,Ed Dickson,CAR,7,35,TE,TE52,null,null,null,null,null,411
406,Marcedes Lewis,JAX,5,38,TE,TE53,463,463,463,463,463,412
407,Damien Williams,MIA,8,30,RB,RB136,205,205,205,205,205,413
408,Anthony Fasano,TEN,13,38,TE,TE54,null,null,null,null,null,414
409,Stedman Bailey,LAR,8,32,WR,WR164,null,null,null,null,null,415
410,Geremy Davis,NYG,8,31,WR,WR165,null,null,null,null,null,416
411,Tre McBride,TEN,13,30,WR,WR166,null,null,null,null,null,417
412,Brent Celek,PHI,4,38,TE,TE55,null,null,null,null,null,418
413,Rhett Ellison,MIN,6,34,TE,TE56,null,null,null,null,null,419
414,Lee Smith,LV,10,35,TE,TE57,null,null,null,null,null,420
415,Gavin Escobar,DAL,7,32,TE,TE58,null,null,null,null,null,421
416,Tyler Kroft,CIN,9,30,TE,TE59,520,520,520,520,520,422
417,Mario Alford,CIN,9,32,WR,WR167,null,null,null,null,null,423
418,Kenny Bell,TB,6,31,WR,WR168,null,null,null,null,null,424
419,Brandon Weeden,HOU,9,39,QB,QB41,null,null,null,null,null,425
420,Mason Crosby,GB,4,38,K,K5,411,411,411,411,411,426
421,Hunter Henry,LAC,11,28,TE,TE60,122.2,122.2,122.2,122.2,122.2,427
422,Graham Gano,CAR,7,35,K,K6,419,419,419,419,419,428
423,DeAndre Smelter,SF,8,31,WR,WR169,null,null,null,null,null,429
424,Charone Peake,NYJ,11,30,WR,WR170,null,null,null,null,null,430
425,Jake Kumerow,CIN,9,31,WR,WR171,470,470,470,470,470,431
426,Dion Sims,MIA,8,32,TE,TE61,null,null,null,null,null,433
427,Marc Mariani,TEN,13,35,WR,WR172,null,null,null,null,null,434
428,Brenton Bersin,CAR,7,32,WR,WR173,null,null,null,null,null,435
429,Hakeem Nicks,NO,5,35,WR,WR174,null,null,null,null,null,436
430,Austin Hooper,ATL,11,28,TE,TE62,162.9,162.9,162.9,162.9,162.9,437
431,Chris Boswell,PIT,8,31,K,K7,416,416,416,416,416,438
432,James O'Shaughnessy,KC,5,31,TE,TE63,802,802,802,802,802,439
433,Donald Brown,NE,9,35,RB,RB137,null,null,null,null,null,440
434,Kellen Davis,NYJ,11,37,TE,TE64,null,null,null,null,null,442
435,Benjamin Watson,BAL,8,42,TE,TE65,null,null,null,null,null,443
436,Dan Bailey,DAL,7,35,K,K8,null,null,null,null,null,444
437,Tommy Bohanon,NYJ,11,32,FB,RB138,null,null,null,null,null,445
438,Tavarres King,NYG,8,32,WR,WR175,null,null,null,null,null,446
439,Zac Stacy,NYJ,11,31,RB,RB139,null,null,null,null,null,447
440,Adam Vinatieri,IND,10,50,K,K9,null,null,null,null,null,448
441,James Hanna,DAL,7,33,TE,TE66,null,null,null,null,null,449
442,Blair Walsh,MIN,6,33,K,K10,null,null,null,null,null,450
443,Devin Hester,BAL,8,40,WR,WR176,null,null,null,null,null,451
444,Juwan Thompson,DEN,11,30,RB,RB140,null,null,null,null,null,452
445,Cairo Santos,KC,5,31,K,K11,425,425,425,425,425,453
446,Marcus Murphy,NO,5,31,RB,RB141,null,null,null,null,null,454
447,Daniel Thomas,MIA,8,35,RB,RB142,null,null,null,null,null,455
448,Brandon McManus,DEN,11,31,K,K12,152.3,152.3,152.3,152.3,152.3,456
449,Griff Whalen,MIA,8,33,WR,WR177,null,null,null,null,null,457
450,Teddy Bridgewater,MIN,6,30,QB,QB42,455,455,455,455,455,458
451,Nick Folk,NYJ,11,38,K,K13,157.7,157.7,157.7,157.7,157.7,459
452,Aaron Ripkowski,GB,4,30,FB,RB143,null,null,null,null,null,460
453,Josh Brown,NYG,8,43,K,K14,null,null,null,null,null,461
454,Ryan Mallett,BAL,8,34,QB,QB43,null,null,null,null,null,462
455,Nick Foles,KC,5,34,QB,QB44,535,535,535,535,535,463
456,Mike Nugent,CIN,9,41,K,K15,null,null,null,null,null,464
457,Dustin Hopkins,WAS,9,32,K,K16,163,163,163,163,163,465
458,Walter Powell,BUF,10,31,WR,WR178,null,null,null,null,null,466
459,Matt Bryant,ATL,11,47,K,K17,null,null,null,null,null,467
460,Keshawn Martin,NE,9,32,WR,WR179,null,null,null,null,null,468
461,Robbie Gould,CHI,9,40,K,K18,408,408,408,408,408,469
462,Dan Carpenter,BUF,10,37,K,K19,null,null,null,null,null,470
463,Roberto Aguayo,TB,6,28,K,K20,null,null,null,null,null,471
464,Jason Myers,JAX,5,31,K,K21,430,430,430,430,430,472
465,Matt Prater,DET,10,38,K,K22,166.1,166.1,166.1,166.1,166.1,473
466,Josh Lambo,LAC,11,32,K,K23,null,null,null,null,null,474
467,Sebastian Janikowski,LV,10,45,K,K24,null,null,null,null,null,475
468,Devin Street,NE,9,31,WR,WR180,null,null,null,null,null,476
469,Nick Novak,HOU,9,41,K,K25,null,null,null,null,null,477
470,Jordan Payton,CLE,13,29,WR,WR181,null,null,null,null,null,478
471,Marquez North,LAR,8,27,WR,WR182,null,null,null,null,null,479
472,Maxx Williams,BAL,8,28,TE,TE67,438,438,438,438,438,480
473,Phil Dawson,SF,8,48,K,K26,null,null,null,null,null,481
474,Vernon Davis,WAS,9,39,TE,TE68,null,null,null,null,null,482
475,Greg Zuerlein,LAR,8,35,K,K27,426,426,426,426,426,483
476,Rod Smith,DAL,7,31,RB,RB144,null,null,null,null,null,484
477,Joe Banyard,JAX,5,34,RB,RB145,null,null,null,null,null,485
478,Cory Harkey,LAR,8,32,TE,TE69,null,null,null,null,null,486
479,Caleb Sturgis,PHI,4,33,K,K28,null,null,null,null,null,487
480,Nick Williams,ATL,11,32,WR,WR183,null,null,null,null,null,488
481,Adam Thielen,MIN,6,32,WR,WR184,57.4,57.4,57.4,57.4,57.4,489
482,Jarrett Boykin,BUF,10,33,WR,WR185,null,null,null,null,null,490
483,Kelvin Taylor,SF,8,29,RB,RB146,null,null,null,null,null,491
484,Patrick Murray,CLE,13,31,K,K29,null,null,null,null,null,492
485,James Wright,CIN,9,31,WR,WR186,null,null,null,null,null,493
486,Andrew Franks,MIA,8,30,K,K30,null,null,null,null,null,494
487,Keith Mumphery,HOU,9,30,WR,WR187,null,null,null,null,null,495
488,Jerome Felton,BUF,10,36,FB,RB147,null,null,null,null,null,496
489,Evan Spencer,TB,6,29,WR,WR188,null,null,null,null,null,497
490,Ryan Succop,TEN,13,36,K,K31,151.3,151.3,151.3,151.3,151.3,498
491,Rex Burkhead,CIN,9,32,RB,RB148,192,192,192,192,192,499
492,Mike James,TB,6,31,RB,RB149,null,null,null,null,null,500
493,Blake Bell,SF,8,31,TE,TE70,null,null,null,null,null,501
494,Demarcus Robinson,KC,5,28,WR,WR189,261,261,261,261,261,502
495,Cedric Peerman,CIN,9,36,RB,RB150,null,null,null,null,null,503
496,Akeem Hunt,HOU,9,30,RB,RB151,null,null,null,null,null,504
497,Marcus Easley,BUF,10,35,WR,WR190,null,null,null,null,null,505
498,Dres Anderson,SF,8,30,WR,WR191,null,null,null,null,null,506
499,Kaelin Clay,BAL,8,31,WR,WR192,null,null,null,null,null,507
500,C.J. Fiedorowicz,HOU,9,31,TE,TE71,null,null,null,null,null,508
501,Trevone Boykin,SEA,5,29,QB,QB45,null,null,null,null,null,509
502,Kolby Listenbee,BUF,10,29,WR,WR193,null,null,null,null,null,510
503,Chase Daniel,PHI,4,36,QB,QB46,471,471,471,471,471,511
504,Brandon Pettigrew,DET,10,38,TE,TE72,null,null,null,null,null,512
505,DeVier Posey,DEN,11,32,WR,WR194,null,null,null,null,null,513
506,Demetrius Harris,KC,5,31,TE,TE73,null,null,null,null,null,514
507,Khari Lee,CHI,9,31,TE,TE74,null,null,null,null,null,515
508,Kai Forbath,NO,5,35,K,K32,null,null,null,null,null,516
509,Cole Wick,DET,10,29,TE,TE75,null,null,null,null,null,517
510,Geno Smith,NYJ,11,32,QB,QB47,228,228,228,228,228,518
511,Michael Hoomanawanui,NO,5,34,TE,TE76,null,null,null,null,null,519
512,Anthony Sherman,KC,5,34,FB,RB152,null,null,null,null,null,520
513,Chase Reynolds,LAR,8,35,RB,RB153,null,null,null,null,null,521
514,Jay Prosch,HOU,9,30,FB,RB154,null,null,null,null,null,522
515,Shaun Suisham,PIT,8,41,K,K33,null,null,null,null,null,523
516,Landry Jones,PIT,8,33,QB,QB48,null,null,null,null,null,524
517,Vince Mayle,DAL,7,31,WR,WR195,null,null,null,null,null,525
518,Roger Lewis,NYG,8,29,WR,WR196,null,null,null,null,null,526
519,Marlon Moore,CLE,13,35,WR,WR197,null,null,null,null,null,527
520,Ricardo Louis,CLE,13,28,WR,WR198,null,null,null,null,null,528
521,Daryl Richardson,PIT,8,32,RB,RB155,null,null,null,null,null,529
522,Jhurell Pressley,GB,4,30,RB,RB156,null,null,null,null,null,530
523,Chris Givens,PHI,4,33,WR,WR199,null,null,null,null,null,531
524,Austin Johnson,NO,5,33,FB,RB157,null,null,null,null,null,532
525,Joey Iosefa,NE,9,31,RB,RB158,null,null,null,null,null,533
526,AJ McCarron,CIN,9,32,QB,QB49,null,null,null,null,null,534
527,Matt Hazel,MIA,8,31,WR,WR200,null,null,null,null,null,535
528,Deonte Thompson,CHI,9,34,WR,WR201,null,null,null,null,null,536
529,David Cobb,PIT,8,29,RB,RB159,null,null,null,null,null,537
530,Colt McCoy,WAS,9,36,QB,QB50,null,null,null,null,null,538
531,Kevin Norwood,CAR,7,33,WR,WR202,null,null,null,null,null,539
532,Corey Fuller,DET,10,32,WR,WR203,null,null,null,null,null,540
533,Keyarris Garrett,CAR,7,30,WR,WR204,null,null,null,null,null,541
534,Will Johnson,NYG,8,34,FB,RB160,null,null,null,null,null,542
535,Gerald Christian,BUF,10,29,TE,TE77,null,null,null,null,null,543
536,Bradley Marquez,LAR,8,30,WR,WR205,null,null,null,null,null,544
537,Raheem Mostert,CLE,13,30,RB,RB161,98.9,98.9,98.9,98.9,98.9,545
538,Isaiah Pead,MIA,8,33,RB,RB162,null,null,null,null,null,546
539,Travis Coons,CLE,13,31,K,K34,null,null,null,null,null,547
540,Connor Barth,CHI,9,36,K,K35,null,null,null,null,null,548
541,Shayne Graham,ATL,11,45,K,K36,null,null,null,null,null,549
542,Aaron Burbridge,SF,8,29,WR,WR206,null,null,null,null,null,550
543,Kellen Moore,DAL,7,33,QB,QB51,null,null,null,null,null,551
544,Darrin Reaves,KC,5,29,RB,RB163,null,null,null,null,null,552
545,Justice Cunningham,LAR,8,32,TE,TE78,null,null,null,null,null,553
546,Eric Weems,ATL,11,37,WR,WR207,null,null,null,null,null,554
547,Storm Johnson,TB,6,30,RB,RB164,null,null,null,null,null,555
548,Rob Housler,CHI,9,34,TE,TE79,null,null,null,null,null,556
549,Mike Glennon,TB,6,33,QB,QB52,null,null,null,null,null,557
550,EJ Manuel,BUF,10,32,QB,QB53,null,null,null,null,null,558
551,Cody Kessler,CLE,13,29,QB,QB54,null,null,null,null,null,559
552,Cameron Meredith,CHI,9,30,WR,WR208,null,null,null,null,null,560
553,Cody Parkey,PHI,4,31,K,K37,null,null,null,null,null,561
554,Matt Cassel,TEN,13,40,QB,QB55,null,null,null,null,null,562
555,John Kuhn,NO,5,40,FB,RB165,null,null,null,null,null,563
556,Bruce Gradkowski,PIT,8,40,QB,QB56,null,null,null,null,null,564
557,Christian Hackenberg,NYJ,11,28,QB,QB57,null,null,null,null,null,565
558,Kenny Hilliard,HOU,9,31,RB,RB166,null,null,null,null,null,566
559,Stephen Hill,CAR,7,31,WR,WR209,null,null,null,null,null,567
560,Matt Schaub,ATL,11,41,QB,QB58,null,null,null,null,null,568
561,Derek Carrier,WAS,9,32,TE,TE80,null,null,null,null,null,569
562,Frankie Hammond,KC,5,33,WR,WR210,null,null,null,null,null,570
563,Scott Tolzien,IND,10,35,QB,QB59,null,null,null,null,null,571
564,Zach Mettenberger,PIT,8,31,QB,QB60,null,null,null,null,null,572
565,Alex Collins,SEA,5,28,RB,RB167,null,null,null,null,null,573
566,Luke McCown,NO,5,41,QB,QB61,null,null,null,null,null,574
567,Drew Stanton,ARI,9,38,QB,QB62,null,null,null,null,null,575
568,Rueben Randle,PHI,4,31,WR,WR211,null,null,null,null,null,576
569,Marlon Brown,DEN,11,31,WR,WR212,null,null,null,null,null,577
570,Chad Henne,JAX,5,37,QB,QB63,475,475,475,475,475,578
571,Cody Core,CIN,9,28,WR,WR213,1847,1847,1847,1847,1847,579
572,Matt Barkley,CHI,9,32,QB,QB64,642,642,642,642,642,580
573,Dan Orlovsky,DET,10,39,QB,QB65,null,null,null,null,null,581
574,Derek Anderson,CAR,7,39,QB,QB66,null,null,null,null,null,582
575,Brian Tyms,IND,10,34,WR,WR214,null,null,null,null,null,583
576,Logan Paulsen,CHI,9,36,TE,TE81,null,null,null,null,null,584
577,Matt McGloin,LV,10,33,QB,QB67,null,null,null,null,null,585
578,Trent Richardson,BAL,8,32,RB,RB168,null,null,null,null,null,586
579,Trevor Davis,GB,4,29,WR,WR215,null,null,null,null,null,587
580,Kellen Clemens,LAC,11,39,QB,QB68,null,null,null,null,null,588
581,Aaron Murray,ARI,9,32,QB,QB69,null,null,null,null,null,589
582,Niles Paul,WAS,9,33,TE,TE82,null,null,null,null,null,590
583,Darius Jennings,CLE,13,30,WR,WR216,null,null,null,null,null,591
584,Ryan Nassib,NYG,8,33,QB,QB70,null,null,null,null,null,592
585,Clay Harbor,NE,9,35,TE,TE83,null,null,null,null,null,593
586,Moritz BÃ¶hringer,MIN,6,29,TE,TE84,null,null,null,null,null,594
587,Zach Sudfeld,NYJ,11,33,TE,TE85,null,null,null,null,null,595
588,Mark Sanchez,DAL,7,36,QB,QB71,null,null,null,null,null,596
589,Daniel Braverman,CHI,9,29,WR,WR217,null,null,null,null,null,597
590,David Fales,BAL,8,32,QB,QB72,null,null,null,null,null,598
591,E.J. Bibbs,CLE,13,31,TE,TE86,null,null,null,null,null,599
592,Phillip Supernaw,TEN,13,33,TE,TE87,null,null,null,null,null,600
593,Glenn Winston,CLE,13,33,RB,RB169,null,null,null,null,null,601
594,Justin Perillo,GB,4,32,TE,TE88,null,null,null,null,null,602
595,Daniel Lasco,NO,5,30,RB,RB170,null,null,null,null,null,603
596,Nic Jacobs,JAX,5,31,TE,TE89,null,null,null,null,null,604
597,Brandon Wegher,CAR,7,32,RB,RB171,null,null,null,null,null,605
598,Seantavious Jones,KC,5,30,WR,WR218,null,null,null,null,null,606
599,Dennis Pitta,BAL,8,37,TE,TE90,null,null,null,null,null,607
600,Andre Caldwell,DET,10,37,WR,WR219,null,null,null,null,null,608
601,Luke Stocker,TB,6,34,TE,TE91,null,null,null,null,null,609
602,Nick Boyle,BAL,8,30,TE,TE92,526,526,526,526,526,610
603,John Crockett,GB,4,31,RB,RB172,null,null,null,null,null,611
604,Sean McGrath,LAC,11,35,TE,TE93,null,null,null,null,null,612
605,David Johnson,PIT,8,35,TE,TE94,null,null,null,null,null,613
606,George Winn,DET,10,32,RB,RB173,null,null,null,null,null,614
607,Brandon Bostick,NYJ,11,33,TE,TE95,null,null,null,null,null,615
608,AD Denham,HOU,9,31,TE,TE96,null,null,null,null,null,616
609,Demarcus Ayers,PIT,8,28,WR,WR220,null,null,null,null,null,617
610,Devin Lucien,NE,9,29,WR,WR221,null,null,null,null,null,618
611,Randy Bullock,NYG,8,33,K,K38,406,406,406,406,406,619
612,Ben Braunecker,CHI,9,29,TE,TE97,null,null,null,null,null,620
613,Zac Brooks,SEA,5,30,RB,RB174,null,null,null,null,null,621
614,John Phillips,DEN,11,35,TE,TE98,null,null,null,null,null,622
615,Brett Hundley,GB,4,29,QB,QB73,1843,1843,1843,1843,1843,623
616,Austin Davis,DEN,11,33,QB,QB74,null,null,null,null,null,624
617,Troy Niklas,ARI,9,30,TE,TE99,null,null,null,null,null,625
618,Kapri Bibbs,DEN,11,30,RB,RB175,null,null,null,null,null,626
619,Levine Toilolo,ATL,11,31,TE,TE100,null,null,null,null,null,627
620,Brittan Golden,ARI,9,34,WR,WR222,null,null,null,null,null,628
621,Nick Vannett,SEA,5,30,TE,TE101,510,510,510,510,510,629
622,Tyler Varga,IND,10,28,RB,RB176,null,null,null,null,null,630
623,Cardale Jones,BUF,10,30,QB,QB75,null,null,null,null,null,631
624,Daniel Brown,BAL,8,30,TE,TE102,null,null,null,null,null,632
625,Erik Swoope,IND,10,30,TE,TE103,null,null,null,null,null,633
626,George Atkinson,CLE,13,30,RB,RB177,null,null,null,null,null,634
627,Matt Moore,MIA,8,38,QB,QB76,null,null,null,null,null,635
628,Matthew Mulligan,DET,10,38,TE,TE104,null,null,null,null,null,636
629,Matt Spaeth,PIT,8,39,TE,TE105,null,null,null,null,null,637
630,AJ Derby,NE,9,31,TE,TE106,null,null,null,null,null,638
631,Greg Little,BUF,10,33,WR,WR223,null,null,null,null,null,639
632,Taylor Heinicke,MIN,6,29,QB,QB77,447,447,447,447,447,640
633,Sean Mannion,LAR,8,30,QB,QB78,554,554,554,554,554,641
634,Tom Savage,HOU,9,32,QB,QB79,null,null,null,null,null,642
635,Brandon Myers,TB,6,37,TE,TE107,null,null,null,null,null,643
636,Javontee Herndon,LAC,11,31,WR,WR224,null,null,null,null,null,644
637,Temarrick Hemingway,LAR,8,29,TE,TE108,743,743,743,743,743,645
638,Andrew Quarless,DET,10,34,TE,TE109,null,null,null,null,null,646
639,Xavier Grimble,PIT,8,30,TE,TE110,null,null,null,null,null,647
640,Jacoby Brissett,NE,9,30,QB,QB80,239,239,239,239,239,648
641,Donteea Dye,TB,6,29,WR,WR225,null,null,null,null,null,649
642,Kevin Smith,SEA,5,31,WR,WR226,null,null,null,null,null,650
643,Jonathan Krause,LAC,11,31,WR,WR227,null,null,null,null,null,651
644,Trey Williams,IND,10,30,RB,RB178,null,null,null,null,null,652
645,Rajion Neal,CLE,13,30,RB,RB179,null,null,null,null,null,653
646,Asante Cleveland,LAC,11,32,TE,TE111,null,null,null,null,null,654
647,Rico Gathers,DAL,7,29,TE,TE112,null,null,null,null,null,655
648,Bryce Petty,NYJ,11,31,QB,QB81,null,null,null,null,null,656
649,Trey Burton,PHI,4,31,TE,TE113,null,null,null,null,null,657
650,Nick O'Leary,BUF,10,30,TE,TE114,null,null,null,null,null,658
651,C.J. Uzomah,CIN,9,30,TE,TE115,383,383,383,383,383,659
652,Terrell Watson,CLE,13,29,RB,RB180,null,null,null,null,null,660
653,Tyler Bray,KC,5,31,QB,QB82,null,null,null,null,null,661
654,Randall Telfer,CLE,13,30,TE,TE116,null,null,null,null,null,662
655,Matt LaCosse,NYG,8,30,TE,TE117,739,739,739,739,739,663
656,Jerell Adams,NYG,8,30,TE,TE118,null,null,null,null,null,664
657,Beau Sandland,CAR,7,30,TE,TE119,null,null,null,null,null,665
658,Scott Simonson,CAR,7,30,TE,TE120,null,null,null,null,null,666
659,Sean Renfree,ATL,11,32,QB,QB83,null,null,null,null,null,667
660,Marshawn Lynch,SEA,5,36,RB,RB181,null,null,null,null,null,668
661,Martavis Bryant,PIT,8,31,WR,WR228,null,null,null,null,null,669
662,Calvin Johnson,DET,10,37,WR,WR229,null,null,null,null,null,670
663,Marques Colston,NO,5,39,WR,WR230,null,null,null,null,null,671
664,Peyton Manning,DEN,11,46,QB,QB84,null,null,null,null,null,672
665,Scott Chandler,NE,9,37,TE,TE121,null,null,null,null,null,673
666,Percy Harvin,BUF,10,34,WR,WR231,null,null,null,null,null,674
667,Owen Daniels,DEN,11,40,TE,TE122,null,null,null,null,null,675
668,Heath Miller,PIT,8,40,TE,TE123,null,null,null,null,null,676
669,Ahmad Bradshaw,IND,10,36,RB,RB182,null,null,null,null,null,677
670,Malcom Floyd,LAC,11,41,WR,WR232,null,null,null,null,null,678
671,Brian Hartline,CLE,13,36,WR,WR233,null,null,null,null,null,679
672,Josh Johnson,NYG,8,36,QB,QB85,509,509,509,509,509,680
673,Matthew Slater,NE,9,37,WR,WR234,570,570,570,570,570,681
674,Jace Amaro,TEN,13,30,TE,TE124,null,null,null,null,null,682
675,Chris Gragg,BUF,10,32,TE,TE125,null,null,null,null,null,683
676,Clark Harris,CIN,9,38,LS,LS1,null,null,null,null,null,684
677,Tom Obarski,NYG,8,30,K,K39,null,null,null,null,null,685
678,Stephen Morris,IND,10,30,QB,QB86,null,null,null,null,null,686
679,Ryan Griffin,TB,6,33,QB,QB87,643,643,643,643,643,687
680,Matt Simms,ATL,11,34,QB,QB88,null,null,null,null,null,688
681,Logan Thomas,NYG,8,31,TE,TE126,336,336,336,336,336,689
682,Connor Cook,LV,10,30,QB,QB89,null,null,null,null,null,690
683,Thaddeus Lewis,SF,8,35,QB,QB90,null,null,null,null,null,691
684,Matt Blanchard,CHI,9,33,QB,QB91,null,null,null,null,null,692
685,Nate Sudfeld,WAS,9,29,QB,QB92,536,536,536,536,536,693
686,Jeff Driskel,CIN,9,29,QB,QB93,646,646,646,646,646,694
687,Kevin Hogan,KC,5,30,QB,QB94,null,null,null,null,null,695
688,Garrett Grayson,NO,5,31,QB,QB95,null,null,null,null,null,696
689,Jake Rudock,DET,10,30,QB,QB96,null,null,null,null,null,697
690,Joe Webb,CAR,7,36,QB,QB97,null,null,null,null,null,698
691,Gus Johnson,ATL,11,29,RB,RB183,null,null,null,null,null,699
692,Senorise Perry,CHI,9,31,RB,RB184,null,null,null,null,null,700
693,Dri Archer,BUF,10,31,RB,RB185,null,null,null,null,null,701
694,Dreamius Smith,LAC,11,30,RB,RB186,null,null,null,null,null,702
695,RJ Harris,NO,5,30,WR,WR235,null,null,null,null,null,703
696,Justin Blackmon,JAX,5,33,WR,WR236,null,null,null,null,null,704
697,Jake Stoneburner,LAR,8,33,TE,TE127,null,null,null,null,null,705
698,Cooper Helfet,SEA,5,33,TE,TE128,null,null,null,null,null,706
699,Garrett Graham,DEN,11,36,TE,TE129,null,null,null,null,null,707
700,Jeff Cumberland,LAC,11,35,TE,TE130,null,null,null,null,null,708
701,Michael Williams,NE,9,32,TE,TE131,null,null,null,null,null,709
702,Brian Parker,NYJ,11,30,TE,TE132,null,null,null,null,null,710
703,MarQueis Gray,MIA,8,33,TE,TE133,null,null,null,null,null,711
704,Gabe Holmes,LV,10,31,TE,TE134,null,null,null,null,null,712
705,Kennard Backman,GB,4,30,TE,TE135,null,null,null,null,null,713
706,Thomas Duarte,MIA,8,27,TE,TE136,null,null,null,null,null,714
707,Brandon Doughty,MIA,8,31,QB,QB98,null,null,null,null,null,715
708,Seth DeValve,CLE,13,30,TE,TE137,null,null,null,null,null,716
709,Keith Wenning,CIN,9,32,QB,QB99,null,null,null,null,null,717
710,Jerrod Johnson,DAL,7,34,QB,QB100,null,null,null,null,null,718
711,Dan LeFevour,TB,6,35,QB,QB101,null,null,null,null,null,719
712,Alex Tanney,TEN,13,35,QB,QB102,null,null,null,null,null,720
713,Zac Dysert,ARI,9,33,QB,QB103,null,null,null,null,null,721
714,Cyrus Gray,ATL,11,33,RB,RB187,null,null,null,null,null,722
715,Vincent Brown,NO,5,34,WR,WR237,null,null,null,null,null,723
716,Kashif Moore,KC,5,34,WR,WR238,null,null,null,null,null,724
717,Rodney Smith,SEA,5,33,WR,WR239,null,null,null,null,null,725
718,Cobi Hamilton,PIT,8,32,WR,WR240,null,null,null,null,null,726
719,Ryan Spadola,DET,10,32,WR,WR241,null,null,null,null,null,727
720,Mike Williams,KC,5,35,WR,WR242,null,null,null,null,null,728
721,Arrelious Benn,JAX,5,34,WR,WR243,null,null,null,null,null,729
722,TJ Graham,PHI,4,33,WR,WR244,null,null,null,null,null,730
723,Ifeanyi Momah,ARI,9,33,WR,WR245,null,null,null,null,null,731
724,Chris Pantale,PHI,4,32,TE,TE138,null,null,null,null,null,732
725,Tony Moeaki,CHI,9,35,TE,TE139,null,null,null,null,null,733
726,Orson Charles,DET,10,32,TE,TE140,null,null,null,null,null,734
727,Dominique Jones,MIA,8,35,TE,TE141,null,null,null,null,null,735
728,Brandon Williams,SEA,5,35,TE,TE142,null,null,null,null,null,736
729,Marcel Jensen,WAS,9,33,TE,TE143,null,null,null,null,null,737
730,Nathan Palmer,LV,10,33,WR,WR246,null,null,null,null,null,738
731,Shaquelle Evans,JAX,5,32,WR,WR247,null,null,null,null,null,739
732,LaRon Byrd,CAR,7,33,WR,WR248,null,null,null,null,null,740
733,Kyle Williams,NYJ,11,34,WR,WR249,null,null,null,null,null,741
734,Marcus Lucas,SEA,5,31,WR,WR250,null,null,null,null,null,742
735,Tim Wright,DET,10,32,TE,TE144,null,null,null,null,null,743
736,Bernard Pierce,NYJ,11,32,RB,RB188,null,null,null,null,null,744
737,Bear Pascoe,NE,9,37,TE,TE145,null,null,null,null,null,745
738,Chase Coffman,IND,10,36,TE,TE146,null,null,null,null,null,746
739,BJ Daniels,CHI,9,33,QB,QB104,null,null,null,null,null,747
740,Darrel Young,CHI,9,35,FB,RB189,null,null,null,null,null,748
741,Lance Moore,ATL,11,39,WR,WR251,null,null,null,null,null,749
742,Nikita Whitlock,NYG,8,31,RB,RB190,null,null,null,null,null,750
743,Zach Hocker,CIN,9,31,K,K40,null,null,null,null,null,751
744,Lache Seastrunk,NYJ,11,31,RB,RB191,null,null,null,null,null,752
745,Christian Ponder,SF,8,35,QB,QB105,null,null,null,null,null,753
746,Antone Smith,NYJ,11,37,RB,RB192,null,null,null,null,null,754
747,Dylan Thompson,LAR,8,29,QB,QB106,null,null,null,null,null,755
748,Terrence Magee,LAR,8,28,RB,RB193,null,null,null,null,null,756
749,Antwan Goodley,SEA,5,31,WR,WR252,null,null,null,null,null,757
750,Da'Ron Brown,KC,5,31,WR,WR253,null,null,null,null,null,758
751,Freddie Martino,TB,6,31,WR,WR254,null,null,null,null,null,759
752,Issac Blakeney,PIT,8,30,WR,WR255,null,null,null,null,null,760
753,Rashaun Allen,PIT,8,33,TE,TE147,null,null,null,null,null,761
754,Chris Manhertz,NO,5,30,TE,TE148,497,497,497,497,497,762
755,Geoff Swaim,DAL,7,29,TE,TE149,400,400,400,400,400,763
756,Brad Sorensen,MIN,6,34,QB,QB107,null,null,null,null,null,764
757,D.J. Foster,NE,9,29,RB,RB194,null,null,null,null,null,766
758,Nelson Spruce,LAR,8,30,WR,WR256,null,null,null,null,null,767
759,James Wilder,BUF,10,30,RB,RB195,null,null,null,null,null,768
760,Darius Jackson,DAL,7,29,RB,RB196,null,null,null,null,null,769
761,Josh Boyce,CLE,13,31,WR,WR257,null,null,null,null,null,770
